/home/mww/satcomp/benchmarks/smtcomp/cloud/non-incremental/QF_IDL/smt-comp-062.smt2, 6597, sat
/home/mww/satcomp/benchmarks/smtcomp/cloud/non-incremental/QF_LIA/smt-comp-082.smt2, 9430, sat
/home/mww/satcomp/benchmarks/smtcomp/cloud/non-incremental/QF_LIA/smt-comp-083.smt2, 17283, sat
/home/mww/satcomp/benchmarks/smtcomp/cloud/non-incremental/QF_LIA/smt-comp-084.smt2, 138131, sat
/home/mww/satcomp/benchmarks/smtcomp/cloud/non-incremental/QF_LIA/smt-comp-085.smt2, 12595, sat
/home/mww/satcomp/benchmarks/smtcomp/cloud/non-incremental/QF_LIA/smt-comp-086.smt2, 5243, sat
/home/mww/satcomp/benchmarks/smtcomp/cloud/non-incremental/QF_LIA/smt-comp-090.smt2, 6557, sat
/home/mww/satcomp/benchmarks/smtcomp/cloud/non-incremental/QF_LIA/smt-comp-091.smt2, 8593, sat
/home/mww/satcomp/benchmarks/smtcomp/cloud/non-incremental/QF_LIA/smt-comp-092.smt2, 108743, sat
/home/mww/satcomp/benchmarks/smtcomp/cloud/non-incremental/QF_LRA/smt-comp-096.smt2, 144213, sat
/home/mww/satcomp/benchmarks/smtcomp/cloud/non-incremental/QF_LIA/smt-comp-289.smt2, 110768, sat
/home/mww/satcomp/benchmarks/smtcomp/cloud/non-incremental/QF_LIA/smt-comp-290.smt2, 7581, sat
/home/mww/satcomp/benchmarks/smtcomp/cloud/non-incremental/QF_LIA/smt-comp-291.smt2, 17995, sat
/home/mww/satcomp/benchmarks/smtcomp/cloud/non-incremental/QF_LIA/smt-comp-297.smt2, 66539, sat
/home/mww/satcomp/benchmarks/smtcomp/cloud/non-incremental/QF_LRA/smt-comp-303.smt2, 5572, sat
/home/mww/satcomp/benchmarks/smtcomp/cloud/non-incremental/QF_LIA/smt-comp-087.smt2, 112719, unsat
/home/mww/satcomp/benchmarks/smtcomp/cloud/non-incremental/QF_LIA/smt-comp-088.smt2, 102579, unsat
/home/mww/satcomp/benchmarks/smtcomp/cloud/non-incremental/QF_LIA/smt-comp-089.smt2, 86137, unsat
/home/mww/satcomp/benchmarks/smtcomp/cloud/non-incremental/QF_LRA/smt-comp-093.smt2, 83738, unsat
/home/mww/satcomp/benchmarks/smtcomp/cloud/non-incremental/QF_LRA/smt-comp-094.smt2, 32891, unsat
/home/mww/satcomp/benchmarks/smtcomp/cloud/non-incremental/QF_LRA/smt-comp-095.smt2, 13772, unsat
/home/mww/satcomp/benchmarks/smtcomp/cloud/non-incremental/QF_LRA/smt-comp-097.smt2, 11699, unsat
/home/mww/satcomp/benchmarks/smtcomp/cloud/non-incremental/QF_LRA/smt-comp-098.smt2, 14479, unsat
/home/mww/satcomp/benchmarks/smtcomp/cloud/non-incremental/QF_LRA/smt-comp-099.smt2, 13711, unsat
/home/mww/satcomp/benchmarks/smtcomp/cloud/non-incremental/QF_LRA/smt-comp-100.smt2, 32521, unsat
/home/mww/satcomp/benchmarks/smtcomp/cloud/non-incremental/QF_LRA/smt-comp-101.smt2, 19359, unsat
/home/mww/satcomp/benchmarks/smtcomp/cloud/non-incremental/QF_LRA/smt-comp-102.smt2, 34644, unsat
/home/mww/satcomp/benchmarks/smtcomp/cloud/non-incremental/QF_LIA/smt-comp-285.smt2, 28433, unsat
/home/mww/satcomp/benchmarks/smtcomp/cloud/non-incremental/QF_LIA/smt-comp-286.smt2, 25924, unsat
/home/mww/satcomp/benchmarks/smtcomp/cloud/non-incremental/QF_LIA/smt-comp-287.smt2, 28732, unsat
/home/mww/satcomp/benchmarks/smtcomp/cloud/non-incremental/QF_LIA/smt-comp-288.smt2, 59300, unsat
/home/mww/satcomp/benchmarks/smtcomp/cloud/non-incremental/QF_LRA/smt-comp-298.smt2, 97999, unsat
/home/mww/satcomp/benchmarks/smtcomp/cloud/non-incremental/QF_LRA/smt-comp-300.smt2, 22677, unsat
/home/mww/satcomp/benchmarks/smtcomp/cloud/non-incremental/QF_LRA/smt-comp-301.smt2, 37002, unsat
/home/mww/satcomp/benchmarks/smtcomp/cloud/non-incremental/QF_LRA/smt-comp-302.smt2, 25732, unsat
/home/mww/satcomp/benchmarks/smtcomp/cloud/non-incremental/QF_LRA/smt-comp-306.smt2, 22201, unsat
/home/mww/satcomp/benchmarks/smtcomp/cloud/non-incremental/QF_IDL/smt-comp-048.smt2, 1200000, timeout
/home/mww/satcomp/benchmarks/smtcomp/cloud/non-incremental/QF_IDL/smt-comp-058.smt2, 1200000, timeout
/home/mww/satcomp/benchmarks/smtcomp/cloud/non-incremental/QF_IDL/smt-comp-059.smt2, 1200000, timeout
/home/mww/satcomp/benchmarks/smtcomp/cloud/non-incremental/QF_IDL/smt-comp-060.smt2, 1200000, timeout
/home/mww/satcomp/benchmarks/smtcomp/cloud/non-incremental/QF_IDL/smt-comp-063.smt2, 1200000, timeout
/home/mww/satcomp/benchmarks/smtcomp/cloud/non-incremental/QF_IDL/smt-comp-066.smt2, 1200000, timeout
/home/mww/satcomp/benchmarks/smtcomp/cloud/non-incremental/QF_IDL/smt-comp-069.smt2, 1200000, timeout
/home/mww/satcomp/benchmarks/smtcomp/cloud/non-incremental/QF_IDL/smt-comp-073.smt2, 1200000, timeout
/home/mww/satcomp/benchmarks/smtcomp/cloud/non-incremental/QF_IDL/smt-comp-076.smt2, 1200000, timeout
/home/mww/satcomp/benchmarks/smtcomp/cloud/non-incremental/QF_IDL/smt-comp-079.smt2, 1200000, timeout
/home/mww/satcomp/benchmarks/smtcomp/cloud/non-incremental/QF_RDL/smt-comp-103.smt2, 1200000, timeout
/home/mww/satcomp/benchmarks/smtcomp/cloud/non-incremental/QF_IDL/smt-comp-254.smt2, 1200000, timeout
/home/mww/satcomp/benchmarks/smtcomp/cloud/non-incremental/QF_IDL/smt-comp-257.smt2, 1200000, timeout
/home/mww/satcomp/benchmarks/smtcomp/cloud/non-incremental/QF_IDL/smt-comp-260.smt2, 1200000, timeout
/home/mww/satcomp/benchmarks/smtcomp/cloud/non-incremental/QF_IDL/smt-comp-262.smt2, 1200000, timeout
/home/mww/satcomp/benchmarks/smtcomp/cloud/non-incremental/QF_IDL/smt-comp-264.smt2, 1200000, timeout
/home/mww/satcomp/benchmarks/smtcomp/cloud/non-incremental/QF_IDL/smt-comp-267.smt2, 1200000, timeout
/home/mww/satcomp/benchmarks/smtcomp/cloud/non-incremental/QF_IDL/smt-comp-270.smt2, 1200000, timeout
/home/mww/satcomp/benchmarks/smtcomp/cloud/non-incremental/QF_IDL/smt-comp-273.smt2, 1200000, timeout
/home/mww/satcomp/benchmarks/smtcomp/cloud/non-incremental/QF_IDL/smt-comp-276.smt2, 1200000, timeout
/home/mww/satcomp/benchmarks/smtcomp/cloud/non-incremental/QF_IDL/smt-comp-279.smt2, 1200000, timeout
/home/mww/satcomp/benchmarks/smtcomp/cloud/non-incremental/QF_IDL/smt-comp-282.smt2, 1200000, timeout
/home/mww/satcomp/benchmarks/smtcomp/cloud/non-incremental/QF_LIA/smt-comp-292.smt2, 1200000, timeout
/home/mww/satcomp/benchmarks/smtcomp/cloud/non-incremental/QF_LIA/smt-comp-293.smt2, 1200000, timeout
/home/mww/satcomp/benchmarks/smtcomp/cloud/non-incremental/QF_LIA/smt-comp-294.smt2, 1200000, timeout
/home/mww/satcomp/benchmarks/smtcomp/cloud/non-incremental/QF_LIA/smt-comp-295.smt2, 1200000, timeout
/home/mww/satcomp/benchmarks/smtcomp/cloud/non-incremental/QF_LIA/smt-comp-296.smt2, 1200000, timeout
/home/mww/satcomp/benchmarks/smtcomp/cloud/non-incremental/QF_LRA/smt-comp-304.smt2, 1200000, timeout
/home/mww/satcomp/benchmarks/smtcomp/cloud/non-incremental/QF_RDL/smt-comp-307.smt2, 1200000, timeout
/home/mww/satcomp/benchmarks/smtcomp/cloud/non-incremental/QF_IDL/smt-comp-049.smt2, 27455, unknown
/home/mww/satcomp/benchmarks/smtcomp/cloud/non-incremental/QF_IDL/smt-comp-050.smt2, 29649, unknown
/home/mww/satcomp/benchmarks/smtcomp/cloud/non-incremental/QF_IDL/smt-comp-051.smt2, 29750, unknown
/home/mww/satcomp/benchmarks/smtcomp/cloud/non-incremental/QF_IDL/smt-comp-052.smt2, 31544, unknown
/home/mww/satcomp/benchmarks/smtcomp/cloud/non-incremental/QF_IDL/smt-comp-053.smt2, 28007, unknown
/home/mww/satcomp/benchmarks/smtcomp/cloud/non-incremental/QF_IDL/smt-comp-054.smt2, 30060, unknown
/home/mww/satcomp/benchmarks/smtcomp/cloud/non-incremental/QF_IDL/smt-comp-055.smt2, 31083, unknown
/home/mww/satcomp/benchmarks/smtcomp/cloud/non-incremental/QF_IDL/smt-comp-056.smt2, 28841, unknown
/home/mww/satcomp/benchmarks/smtcomp/cloud/non-incremental/QF_IDL/smt-comp-057.smt2, 669782, unknown
/home/mww/satcomp/benchmarks/smtcomp/cloud/non-incremental/QF_IDL/smt-comp-064.smt2, 23751, unknown
/home/mww/satcomp/benchmarks/smtcomp/cloud/non-incremental/QF_IDL/smt-comp-065.smt2, 957382, unknown
/home/mww/satcomp/benchmarks/smtcomp/cloud/non-incremental/QF_IDL/smt-comp-067.smt2, 24033, unknown
/home/mww/satcomp/benchmarks/smtcomp/cloud/non-incremental/QF_IDL/smt-comp-068.smt2, 958812, unknown
/home/mww/satcomp/benchmarks/smtcomp/cloud/non-incremental/QF_IDL/smt-comp-070.smt2, 37485, unknown
/home/mww/satcomp/benchmarks/smtcomp/cloud/non-incremental/QF_IDL/smt-comp-071.smt2, 38543, unknown
/home/mww/satcomp/benchmarks/smtcomp/cloud/non-incremental/QF_IDL/smt-comp-072.smt2, 895555, unknown
/home/mww/satcomp/benchmarks/smtcomp/cloud/non-incremental/QF_IDL/smt-comp-074.smt2, 24434, unknown
/home/mww/satcomp/benchmarks/smtcomp/cloud/non-incremental/QF_IDL/smt-comp-075.smt2, 959494, unknown
/home/mww/satcomp/benchmarks/smtcomp/cloud/non-incremental/QF_IDL/smt-comp-077.smt2, 24270, unknown
/home/mww/satcomp/benchmarks/smtcomp/cloud/non-incremental/QF_IDL/smt-comp-078.smt2, 958796, unknown
/home/mww/satcomp/benchmarks/smtcomp/cloud/non-incremental/QF_LIA/smt-comp-080.smt2, 23730, unknown
/home/mww/satcomp/benchmarks/smtcomp/cloud/non-incremental/QF_LIA/smt-comp-081.smt2, 959251, unknown
/home/mww/satcomp/benchmarks/smtcomp/cloud/non-incremental/QF_RDL/smt-comp-104.smt2, 24082, unknown
/home/mww/satcomp/benchmarks/smtcomp/cloud/non-incremental/QF_UFLRA/smt-comp-105.smt2, 956279, unknown
/home/mww/satcomp/benchmarks/smtcomp/cloud/non-incremental/QF_IDL/smt-comp-255.smt2, 23964, unknown
/home/mww/satcomp/benchmarks/smtcomp/cloud/non-incremental/QF_IDL/smt-comp-256.smt2, 959257, unknown
/home/mww/satcomp/benchmarks/smtcomp/cloud/non-incremental/QF_IDL/smt-comp-258.smt2, 544832, unknown
/home/mww/satcomp/benchmarks/smtcomp/cloud/non-incremental/QF_IDL/smt-comp-259.smt2, 432859, unknown
/home/mww/satcomp/benchmarks/smtcomp/cloud/non-incremental/QF_IDL/smt-comp-261.smt2, 986547, unknown
/home/mww/satcomp/benchmarks/smtcomp/cloud/non-incremental/QF_IDL/smt-comp-265.smt2, 23837, unknown
/home/mww/satcomp/benchmarks/smtcomp/cloud/non-incremental/QF_IDL/smt-comp-266.smt2, 958932, unknown
/home/mww/satcomp/benchmarks/smtcomp/cloud/non-incremental/QF_IDL/smt-comp-268.smt2, 23855, unknown
/home/mww/satcomp/benchmarks/smtcomp/cloud/non-incremental/QF_IDL/smt-comp-269.smt2, 959328, unknown
/home/mww/satcomp/benchmarks/smtcomp/cloud/non-incremental/QF_IDL/smt-comp-271.smt2, 24018, unknown
/home/mww/satcomp/benchmarks/smtcomp/cloud/non-incremental/QF_IDL/smt-comp-272.smt2, 955460, unknown
/home/mww/satcomp/benchmarks/smtcomp/cloud/non-incremental/QF_IDL/smt-comp-274.smt2, 23973, unknown
/home/mww/satcomp/benchmarks/smtcomp/cloud/non-incremental/QF_IDL/smt-comp-275.smt2, 956304, unknown
/home/mww/satcomp/benchmarks/smtcomp/cloud/non-incremental/QF_IDL/smt-comp-277.smt2, 23655, unknown
/home/mww/satcomp/benchmarks/smtcomp/cloud/non-incremental/QF_IDL/smt-comp-278.smt2, 954622, unknown
/home/mww/satcomp/benchmarks/smtcomp/cloud/non-incremental/QF_IDL/smt-comp-280.smt2, 23859, unknown
/home/mww/satcomp/benchmarks/smtcomp/cloud/non-incremental/QF_IDL/smt-comp-281.smt2, 956307, unknown
/home/mww/satcomp/benchmarks/smtcomp/cloud/non-incremental/QF_IDL/smt-comp-283.smt2, 23765, unknown
/home/mww/satcomp/benchmarks/smtcomp/cloud/non-incremental/QF_IDL/smt-comp-284.smt2, 956231, unknown
/home/mww/satcomp/benchmarks/smtcomp/cloud/non-incremental/QF_LRA/smt-comp-305.smt2, 988327, unknown
/home/mww/satcomp/benchmarks/smtcomp/cloud/non-incremental/QF_RDL/smt-comp-308.smt2, 23815, unknown
/home/mww/satcomp/benchmarks/smtcomp/cloud/non-incremental/QF_IDL/smt-comp-061.smt2, 134777, error
/home/mww/satcomp/benchmarks/smtcomp/cloud/non-incremental/QF_IDL/smt-comp-263.smt2, 134830, error
/home/mww/satcomp/benchmarks/smtcomp/cloud/non-incremental/QF_LRA/smt-comp-299.smt2, 433092, error
