/home/mww/satcomp/benchmarks/smtcomp/cloud/non-incremental/QF_LIA/smt-comp-081.smt2, 6501, sat
/home/mww/satcomp/benchmarks/smtcomp/cloud/non-incremental/QF_LIA/smt-comp-084.smt2, 311762, sat
/home/mww/satcomp/benchmarks/smtcomp/cloud/non-incremental/QF_LIA/smt-comp-085.smt2, 12241, sat
/home/mww/satcomp/benchmarks/smtcomp/cloud/non-incremental/QF_LIA/smt-comp-086.smt2, 8536, sat
/home/mww/satcomp/benchmarks/smtcomp/cloud/non-incremental/QF_LIA/smt-comp-090.smt2, 6495, sat
/home/mww/satcomp/benchmarks/smtcomp/cloud/non-incremental/QF_LRA/smt-comp-096.smt2, 158964, sat
/home/mww/satcomp/benchmarks/smtcomp/cloud/non-incremental/QF_LIA/smt-comp-289.smt2, 132427, sat
/home/mww/satcomp/benchmarks/smtcomp/cloud/non-incremental/QF_LIA/smt-comp-290.smt2, 4945, sat
/home/mww/satcomp/benchmarks/smtcomp/cloud/non-incremental/QF_LIA/smt-comp-291.smt2, 51171, sat
/home/mww/satcomp/benchmarks/smtcomp/cloud/non-incremental/QF_LIA/smt-comp-297.smt2, 45353, sat
/home/mww/satcomp/benchmarks/smtcomp/cloud/non-incremental/QF_LRA/smt-comp-300.smt2, 223572, sat
/home/mww/satcomp/benchmarks/smtcomp/cloud/non-incremental/QF_LRA/smt-comp-303.smt2, 6507, sat
/home/mww/satcomp/benchmarks/smtcomp/cloud/non-incremental/QF_LRA/smt-comp-093.smt2, 33970, unsat
/home/mww/satcomp/benchmarks/smtcomp/cloud/non-incremental/QF_LRA/smt-comp-094.smt2, 267893, unsat
/home/mww/satcomp/benchmarks/smtcomp/cloud/non-incremental/QF_LRA/smt-comp-095.smt2, 12681, unsat
/home/mww/satcomp/benchmarks/smtcomp/cloud/non-incremental/QF_LRA/smt-comp-097.smt2, 11522, unsat
/home/mww/satcomp/benchmarks/smtcomp/cloud/non-incremental/QF_LRA/smt-comp-098.smt2, 10739, unsat
/home/mww/satcomp/benchmarks/smtcomp/cloud/non-incremental/QF_LRA/smt-comp-099.smt2, 13342, unsat
/home/mww/satcomp/benchmarks/smtcomp/cloud/non-incremental/QF_LRA/smt-comp-100.smt2, 47594, unsat
/home/mww/satcomp/benchmarks/smtcomp/cloud/non-incremental/QF_LRA/smt-comp-101.smt2, 21029, unsat
/home/mww/satcomp/benchmarks/smtcomp/cloud/non-incremental/QF_LRA/smt-comp-102.smt2, 72104, unsat
/home/mww/satcomp/benchmarks/smtcomp/cloud/non-incremental/QF_LRA/smt-comp-301.smt2, 24554, unsat
/home/mww/satcomp/benchmarks/smtcomp/cloud/non-incremental/QF_LRA/smt-comp-302.smt2, 23641, unsat
/home/mww/satcomp/benchmarks/smtcomp/cloud/non-incremental/QF_IDL/smt-comp-048.smt2, 1200000, timeout
/home/mww/satcomp/benchmarks/smtcomp/cloud/non-incremental/QF_IDL/smt-comp-075.smt2, 1200000, timeout
/home/mww/satcomp/benchmarks/smtcomp/cloud/non-incremental/QF_IDL/smt-comp-078.smt2, 1200000, timeout
/home/mww/satcomp/benchmarks/smtcomp/cloud/non-incremental/QF_LIA/smt-comp-082.smt2, 1200000, timeout
/home/mww/satcomp/benchmarks/smtcomp/cloud/non-incremental/QF_LIA/smt-comp-091.smt2, 1200000, timeout
/home/mww/satcomp/benchmarks/smtcomp/cloud/non-incremental/QF_RDL/smt-comp-103.smt2, 1200000, timeout
/home/mww/satcomp/benchmarks/smtcomp/cloud/non-incremental/QF_IDL/smt-comp-254.smt2, 1200000, timeout
/home/mww/satcomp/benchmarks/smtcomp/cloud/non-incremental/QF_IDL/smt-comp-257.smt2, 1200000, timeout
/home/mww/satcomp/benchmarks/smtcomp/cloud/non-incremental/QF_IDL/smt-comp-260.smt2, 1200000, timeout
/home/mww/satcomp/benchmarks/smtcomp/cloud/non-incremental/QF_IDL/smt-comp-261.smt2, 1200000, timeout
/home/mww/satcomp/benchmarks/smtcomp/cloud/non-incremental/QF_IDL/smt-comp-262.smt2, 1200000, timeout
/home/mww/satcomp/benchmarks/smtcomp/cloud/non-incremental/QF_IDL/smt-comp-263.smt2, 1200000, timeout
/home/mww/satcomp/benchmarks/smtcomp/cloud/non-incremental/QF_IDL/smt-comp-266.smt2, 1200000, timeout
/home/mww/satcomp/benchmarks/smtcomp/cloud/non-incremental/QF_IDL/smt-comp-269.smt2, 1200000, timeout
/home/mww/satcomp/benchmarks/smtcomp/cloud/non-incremental/QF_IDL/smt-comp-273.smt2, 1200000, timeout
/home/mww/satcomp/benchmarks/smtcomp/cloud/non-incremental/QF_IDL/smt-comp-276.smt2, 1200000, timeout
/home/mww/satcomp/benchmarks/smtcomp/cloud/non-incremental/QF_IDL/smt-comp-279.smt2, 1200000, timeout
/home/mww/satcomp/benchmarks/smtcomp/cloud/non-incremental/QF_IDL/smt-comp-282.smt2, 1200000, timeout
/home/mww/satcomp/benchmarks/smtcomp/cloud/non-incremental/QF_LIA/smt-comp-285.smt2, 1200000, timeout
/home/mww/satcomp/benchmarks/smtcomp/cloud/non-incremental/QF_LIA/smt-comp-287.smt2, 1200000, timeout
/home/mww/satcomp/benchmarks/smtcomp/cloud/non-incremental/QF_LIA/smt-comp-292.smt2, 1200000, timeout
/home/mww/satcomp/benchmarks/smtcomp/cloud/non-incremental/QF_LIA/smt-comp-294.smt2, 1200000, timeout
/home/mww/satcomp/benchmarks/smtcomp/cloud/non-incremental/QF_LIA/smt-comp-295.smt2, 1200000, timeout
/home/mww/satcomp/benchmarks/smtcomp/cloud/non-incremental/QF_LIA/smt-comp-296.smt2, 1200000, timeout
/home/mww/satcomp/benchmarks/smtcomp/cloud/non-incremental/QF_LRA/smt-comp-298.smt2, 1200000, timeout
/home/mww/satcomp/benchmarks/smtcomp/cloud/non-incremental/QF_LRA/smt-comp-304.smt2, 1200000, timeout
/home/mww/satcomp/benchmarks/smtcomp/cloud/non-incremental/QF_LRA/smt-comp-305.smt2, 1200000, timeout
/home/mww/satcomp/benchmarks/smtcomp/cloud/non-incremental/QF_RDL/smt-comp-307.smt2, 1200000, timeout
/home/mww/satcomp/benchmarks/smtcomp/cloud/non-incremental/QF_IDL/smt-comp-049.smt2, 29530, unknown
/home/mww/satcomp/benchmarks/smtcomp/cloud/non-incremental/QF_IDL/smt-comp-050.smt2, 29587, unknown
/home/mww/satcomp/benchmarks/smtcomp/cloud/non-incremental/QF_IDL/smt-comp-051.smt2, 30798, unknown
/home/mww/satcomp/benchmarks/smtcomp/cloud/non-incremental/QF_IDL/smt-comp-052.smt2, 27302, unknown
/home/mww/satcomp/benchmarks/smtcomp/cloud/non-incremental/QF_IDL/smt-comp-053.smt2, 29496, unknown
/home/mww/satcomp/benchmarks/smtcomp/cloud/non-incremental/QF_IDL/smt-comp-054.smt2, 28391, unknown
/home/mww/satcomp/benchmarks/smtcomp/cloud/non-incremental/QF_IDL/smt-comp-055.smt2, 31066, unknown
/home/mww/satcomp/benchmarks/smtcomp/cloud/non-incremental/QF_IDL/smt-comp-056.smt2, 30546, unknown
/home/mww/satcomp/benchmarks/smtcomp/cloud/non-incremental/QF_IDL/smt-comp-057.smt2, 29248, unknown
/home/mww/satcomp/benchmarks/smtcomp/cloud/non-incremental/QF_IDL/smt-comp-058.smt2, 29744, unknown
/home/mww/satcomp/benchmarks/smtcomp/cloud/non-incremental/QF_IDL/smt-comp-059.smt2, 29601, unknown
/home/mww/satcomp/benchmarks/smtcomp/cloud/non-incremental/QF_IDL/smt-comp-060.smt2, 31465, unknown
/home/mww/satcomp/benchmarks/smtcomp/cloud/non-incremental/QF_IDL/smt-comp-061.smt2, 29131, unknown
/home/mww/satcomp/benchmarks/smtcomp/cloud/non-incremental/QF_IDL/smt-comp-062.smt2, 29322, unknown
/home/mww/satcomp/benchmarks/smtcomp/cloud/non-incremental/QF_IDL/smt-comp-063.smt2, 30005, unknown
/home/mww/satcomp/benchmarks/smtcomp/cloud/non-incremental/QF_IDL/smt-comp-064.smt2, 29752, unknown
/home/mww/satcomp/benchmarks/smtcomp/cloud/non-incremental/QF_IDL/smt-comp-065.smt2, 27121, unknown
/home/mww/satcomp/benchmarks/smtcomp/cloud/non-incremental/QF_IDL/smt-comp-066.smt2, 29551, unknown
/home/mww/satcomp/benchmarks/smtcomp/cloud/non-incremental/QF_IDL/smt-comp-067.smt2, 29527, unknown
/home/mww/satcomp/benchmarks/smtcomp/cloud/non-incremental/QF_IDL/smt-comp-068.smt2, 30422, unknown
/home/mww/satcomp/benchmarks/smtcomp/cloud/non-incremental/QF_IDL/smt-comp-069.smt2, 27262, unknown
/home/mww/satcomp/benchmarks/smtcomp/cloud/non-incremental/QF_IDL/smt-comp-070.smt2, 30001, unknown
/home/mww/satcomp/benchmarks/smtcomp/cloud/non-incremental/QF_IDL/smt-comp-071.smt2, 29952, unknown
/home/mww/satcomp/benchmarks/smtcomp/cloud/non-incremental/QF_IDL/smt-comp-072.smt2, 31678, unknown
/home/mww/satcomp/benchmarks/smtcomp/cloud/non-incremental/QF_IDL/smt-comp-073.smt2, 30928, unknown
/home/mww/satcomp/benchmarks/smtcomp/cloud/non-incremental/QF_IDL/smt-comp-074.smt2, 11760, unknown
/home/mww/satcomp/benchmarks/smtcomp/cloud/non-incremental/QF_IDL/smt-comp-076.smt2, 24153, unknown
/home/mww/satcomp/benchmarks/smtcomp/cloud/non-incremental/QF_IDL/smt-comp-077.smt2, 956182, unknown
/home/mww/satcomp/benchmarks/smtcomp/cloud/non-incremental/QF_IDL/smt-comp-079.smt2, 23808, unknown
/home/mww/satcomp/benchmarks/smtcomp/cloud/non-incremental/QF_LIA/smt-comp-080.smt2, 956146, unknown
/home/mww/satcomp/benchmarks/smtcomp/cloud/non-incremental/QF_LIA/smt-comp-083.smt2, 12264, unknown
/home/mww/satcomp/benchmarks/smtcomp/cloud/non-incremental/QF_LIA/smt-comp-092.smt2, 166931, unknown
/home/mww/satcomp/benchmarks/smtcomp/cloud/non-incremental/QF_RDL/smt-comp-104.smt2, 23689, unknown
/home/mww/satcomp/benchmarks/smtcomp/cloud/non-incremental/QF_UFLRA/smt-comp-105.smt2, 955700, unknown
/home/mww/satcomp/benchmarks/smtcomp/cloud/non-incremental/QF_IDL/smt-comp-255.smt2, 24046, unknown
/home/mww/satcomp/benchmarks/smtcomp/cloud/non-incremental/QF_IDL/smt-comp-256.smt2, 954603, unknown
/home/mww/satcomp/benchmarks/smtcomp/cloud/non-incremental/QF_IDL/smt-comp-258.smt2, 543072, unknown
/home/mww/satcomp/benchmarks/smtcomp/cloud/non-incremental/QF_IDL/smt-comp-259.smt2, 433471, unknown
/home/mww/satcomp/benchmarks/smtcomp/cloud/non-incremental/QF_IDL/smt-comp-264.smt2, 23730, unknown
/home/mww/satcomp/benchmarks/smtcomp/cloud/non-incremental/QF_IDL/smt-comp-265.smt2, 959247, unknown
/home/mww/satcomp/benchmarks/smtcomp/cloud/non-incremental/QF_IDL/smt-comp-267.smt2, 23879, unknown
/home/mww/satcomp/benchmarks/smtcomp/cloud/non-incremental/QF_IDL/smt-comp-268.smt2, 934876, unknown
/home/mww/satcomp/benchmarks/smtcomp/cloud/non-incremental/QF_IDL/smt-comp-270.smt2, 23648, unknown
/home/mww/satcomp/benchmarks/smtcomp/cloud/non-incremental/QF_IDL/smt-comp-271.smt2, 23744, unknown
/home/mww/satcomp/benchmarks/smtcomp/cloud/non-incremental/QF_IDL/smt-comp-272.smt2, 924525, unknown
/home/mww/satcomp/benchmarks/smtcomp/cloud/non-incremental/QF_IDL/smt-comp-274.smt2, 23748, unknown
/home/mww/satcomp/benchmarks/smtcomp/cloud/non-incremental/QF_IDL/smt-comp-275.smt2, 956371, unknown
/home/mww/satcomp/benchmarks/smtcomp/cloud/non-incremental/QF_IDL/smt-comp-277.smt2, 23702, unknown
/home/mww/satcomp/benchmarks/smtcomp/cloud/non-incremental/QF_IDL/smt-comp-278.smt2, 955122, unknown
/home/mww/satcomp/benchmarks/smtcomp/cloud/non-incremental/QF_IDL/smt-comp-280.smt2, 23889, unknown
/home/mww/satcomp/benchmarks/smtcomp/cloud/non-incremental/QF_IDL/smt-comp-281.smt2, 957813, unknown
/home/mww/satcomp/benchmarks/smtcomp/cloud/non-incremental/QF_IDL/smt-comp-283.smt2, 23817, unknown
/home/mww/satcomp/benchmarks/smtcomp/cloud/non-incremental/QF_IDL/smt-comp-284.smt2, 959287, unknown
/home/mww/satcomp/benchmarks/smtcomp/cloud/non-incremental/QF_LIA/smt-comp-286.smt2, 985443, unknown
/home/mww/satcomp/benchmarks/smtcomp/cloud/non-incremental/QF_LIA/smt-comp-288.smt2, 988961, unknown
/home/mww/satcomp/benchmarks/smtcomp/cloud/non-incremental/QF_LRA/smt-comp-299.smt2, 984567, unknown
/home/mww/satcomp/benchmarks/smtcomp/cloud/non-incremental/QF_LRA/smt-comp-306.smt2, 789455, unknown
/home/mww/satcomp/benchmarks/smtcomp/cloud/non-incremental/QF_RDL/smt-comp-308.smt2, 23755, unknown
/home/mww/satcomp/benchmarks/smtcomp/cloud/non-incremental/QF_LIA/smt-comp-087.smt2, 467466, error
/home/mww/satcomp/benchmarks/smtcomp/cloud/non-incremental/QF_LIA/smt-comp-088.smt2, 501414, error
/home/mww/satcomp/benchmarks/smtcomp/cloud/non-incremental/QF_LIA/smt-comp-089.smt2, 521451, error
/home/mww/satcomp/benchmarks/smtcomp/cloud/non-incremental/QF_LIA/smt-comp-293.smt2, 37090, error
