/home/mww/satcomp/benchmarks/smtcomp/cloud/non-incremental/QF_IDL/smt-comp-049.smt2, 8490, sat
/home/mww/satcomp/benchmarks/smtcomp/cloud/non-incremental/QF_IDL/smt-comp-071.smt2, 5235, sat
/home/mww/satcomp/benchmarks/smtcomp/cloud/non-incremental/QF_LIA/smt-comp-080.smt2, 14008, sat
/home/mww/satcomp/benchmarks/smtcomp/cloud/non-incremental/QF_LIA/smt-comp-081.smt2, 14601, sat
/home/mww/satcomp/benchmarks/smtcomp/cloud/non-incremental/QF_LIA/smt-comp-086.smt2, 10265, sat
/home/mww/satcomp/benchmarks/smtcomp/cloud/non-incremental/QF_LIA/smt-comp-090.smt2, 2249, sat
/home/mww/satcomp/benchmarks/smtcomp/cloud/non-incremental/QF_LIA/smt-comp-091.smt2, 2282, sat
/home/mww/satcomp/benchmarks/smtcomp/cloud/non-incremental/QF_LIA/smt-comp-085.smt2, 44776, sat
/home/mww/satcomp/benchmarks/smtcomp/cloud/non-incremental/QF_LIA/smt-comp-083.smt2, 57001, sat
/home/mww/satcomp/benchmarks/smtcomp/cloud/non-incremental/QF_LIA/smt-comp-082.smt2, 70906, sat
/home/mww/satcomp/benchmarks/smtcomp/cloud/non-incremental/QF_LIA/smt-comp-084.smt2, 225424, sat
/home/mww/satcomp/benchmarks/smtcomp/cloud/non-incremental/QF_LRA/smt-comp-096.smt2, 566721, sat
/home/mww/satcomp/benchmarks/smtcomp/cloud/non-incremental/QF_LIA/smt-comp-092.smt2, 1006607, sat
/home/mww/satcomp/benchmarks/smtcomp/cloud/non-incremental/QF_LIA/smt-comp-290.smt2, 72567, sat
/home/mww/satcomp/benchmarks/smtcomp/cloud/non-incremental/QF_LIA/smt-comp-291.smt2, 54796, sat
/home/mww/satcomp/benchmarks/smtcomp/cloud/non-incremental/QF_LRA/smt-comp-303.smt2, 1569, sat
/home/mww/satcomp/benchmarks/smtcomp/cloud/non-incremental/QF_LRA/smt-comp-305.smt2, 1400, sat
/home/mww/satcomp/benchmarks/smtcomp/cloud/non-incremental/QF_LIA/smt-comp-297.smt2, 724337, sat
/home/mww/satcomp/benchmarks/smtcomp/cloud/non-incremental/QF_LRA/smt-comp-094.smt2, 21272, unsat
/home/mww/satcomp/benchmarks/smtcomp/cloud/non-incremental/QF_LRA/smt-comp-095.smt2, 17581, unsat
/home/mww/satcomp/benchmarks/smtcomp/cloud/non-incremental/QF_LRA/smt-comp-097.smt2, 14541, unsat
/home/mww/satcomp/benchmarks/smtcomp/cloud/non-incremental/QF_LRA/smt-comp-098.smt2, 12307, unsat
/home/mww/satcomp/benchmarks/smtcomp/cloud/non-incremental/QF_LRA/smt-comp-099.smt2, 30530, unsat
/home/mww/satcomp/benchmarks/smtcomp/cloud/non-incremental/QF_LRA/smt-comp-093.smt2, 102392, unsat
/home/mww/satcomp/benchmarks/smtcomp/cloud/non-incremental/QF_LRA/smt-comp-101.smt2, 56122, unsat
/home/mww/satcomp/benchmarks/smtcomp/cloud/non-incremental/QF_LRA/smt-comp-100.smt2, 102711, unsat
/home/mww/satcomp/benchmarks/smtcomp/cloud/non-incremental/QF_LRA/smt-comp-102.smt2, 66363, unsat
/home/mww/satcomp/benchmarks/smtcomp/cloud/non-incremental/QF_LIA/smt-comp-285.smt2, 33148, unsat
/home/mww/satcomp/benchmarks/smtcomp/cloud/non-incremental/QF_LIA/smt-comp-286.smt2, 40925, unsat
/home/mww/satcomp/benchmarks/smtcomp/cloud/non-incremental/QF_LIA/smt-comp-287.smt2, 33287, unsat
/home/mww/satcomp/benchmarks/smtcomp/cloud/non-incremental/QF_LIA/smt-comp-288.smt2, 83948, unsat
/home/mww/satcomp/benchmarks/smtcomp/cloud/non-incremental/QF_LRA/smt-comp-299.smt2, 21890, unsat
/home/mww/satcomp/benchmarks/smtcomp/cloud/non-incremental/QF_LRA/smt-comp-301.smt2, 84016, unsat
/home/mww/satcomp/benchmarks/smtcomp/cloud/non-incremental/QF_LRA/smt-comp-302.smt2, 30002, unsat
/home/mww/satcomp/benchmarks/smtcomp/cloud/non-incremental/QF_LRA/smt-comp-306.smt2, 11673, unsat
/home/mww/satcomp/benchmarks/smtcomp/cloud/non-incremental/QF_LRA/smt-comp-298.smt2, 411752, unsat
/home/mww/satcomp/benchmarks/smtcomp/cloud/non-incremental/QF_IDL/smt-comp-048.smt2, 1200000, timeout
/home/mww/satcomp/benchmarks/smtcomp/cloud/non-incremental/QF_IDL/smt-comp-050.smt2, 1200000, timeout
/home/mww/satcomp/benchmarks/smtcomp/cloud/non-incremental/QF_IDL/smt-comp-051.smt2, 1200000, timeout
/home/mww/satcomp/benchmarks/smtcomp/cloud/non-incremental/QF_IDL/smt-comp-052.smt2, 1200000, timeout
/home/mww/satcomp/benchmarks/smtcomp/cloud/non-incremental/QF_IDL/smt-comp-053.smt2, 1200000, timeout
/home/mww/satcomp/benchmarks/smtcomp/cloud/non-incremental/QF_IDL/smt-comp-054.smt2, 1200000, timeout
/home/mww/satcomp/benchmarks/smtcomp/cloud/non-incremental/QF_IDL/smt-comp-055.smt2, 1200000, timeout
/home/mww/satcomp/benchmarks/smtcomp/cloud/non-incremental/QF_IDL/smt-comp-056.smt2, 1200000, timeout
/home/mww/satcomp/benchmarks/smtcomp/cloud/non-incremental/QF_IDL/smt-comp-057.smt2, 1200000, timeout
/home/mww/satcomp/benchmarks/smtcomp/cloud/non-incremental/QF_IDL/smt-comp-058.smt2, 1200000, timeout
/home/mww/satcomp/benchmarks/smtcomp/cloud/non-incremental/QF_IDL/smt-comp-059.smt2, 1200000, timeout
/home/mww/satcomp/benchmarks/smtcomp/cloud/non-incremental/QF_IDL/smt-comp-060.smt2, 1200000, timeout
/home/mww/satcomp/benchmarks/smtcomp/cloud/non-incremental/QF_IDL/smt-comp-061.smt2, 1200000, timeout
/home/mww/satcomp/benchmarks/smtcomp/cloud/non-incremental/QF_IDL/smt-comp-062.smt2, 1200000, timeout
/home/mww/satcomp/benchmarks/smtcomp/cloud/non-incremental/QF_IDL/smt-comp-063.smt2, 1200000, timeout
/home/mww/satcomp/benchmarks/smtcomp/cloud/non-incremental/QF_IDL/smt-comp-064.smt2, 1200000, timeout
/home/mww/satcomp/benchmarks/smtcomp/cloud/non-incremental/QF_IDL/smt-comp-065.smt2, 1200000, timeout
/home/mww/satcomp/benchmarks/smtcomp/cloud/non-incremental/QF_IDL/smt-comp-066.smt2, 1200000, timeout
/home/mww/satcomp/benchmarks/smtcomp/cloud/non-incremental/QF_IDL/smt-comp-067.smt2, 1200000, timeout
/home/mww/satcomp/benchmarks/smtcomp/cloud/non-incremental/QF_IDL/smt-comp-068.smt2, 1200000, timeout
/home/mww/satcomp/benchmarks/smtcomp/cloud/non-incremental/QF_IDL/smt-comp-069.smt2, 1200000, timeout
/home/mww/satcomp/benchmarks/smtcomp/cloud/non-incremental/QF_IDL/smt-comp-070.smt2, 1200000, timeout
/home/mww/satcomp/benchmarks/smtcomp/cloud/non-incremental/QF_IDL/smt-comp-072.smt2, 1200000, timeout
/home/mww/satcomp/benchmarks/smtcomp/cloud/non-incremental/QF_IDL/smt-comp-073.smt2, 1200000, timeout
/home/mww/satcomp/benchmarks/smtcomp/cloud/non-incremental/QF_IDL/smt-comp-074.smt2, 1200000, timeout
/home/mww/satcomp/benchmarks/smtcomp/cloud/non-incremental/QF_IDL/smt-comp-075.smt2, 1200000, timeout
/home/mww/satcomp/benchmarks/smtcomp/cloud/non-incremental/QF_IDL/smt-comp-076.smt2, 1200000, timeout
/home/mww/satcomp/benchmarks/smtcomp/cloud/non-incremental/QF_IDL/smt-comp-077.smt2, 1200000, timeout
/home/mww/satcomp/benchmarks/smtcomp/cloud/non-incremental/QF_IDL/smt-comp-078.smt2, 1200000, timeout
/home/mww/satcomp/benchmarks/smtcomp/cloud/non-incremental/QF_IDL/smt-comp-079.smt2, 1200000, timeout
/home/mww/satcomp/benchmarks/smtcomp/cloud/non-incremental/QF_LIA/smt-comp-087.smt2, 1200000, timeout
/home/mww/satcomp/benchmarks/smtcomp/cloud/non-incremental/QF_RDL/smt-comp-103.smt2, 1200000, timeout
/home/mww/satcomp/benchmarks/smtcomp/cloud/non-incremental/QF_RDL/smt-comp-104.smt2, 1200000, timeout
/home/mww/satcomp/benchmarks/smtcomp/cloud/non-incremental/QF_IDL/smt-comp-254.smt2, 1200000, timeout
/home/mww/satcomp/benchmarks/smtcomp/cloud/non-incremental/QF_IDL/smt-comp-255.smt2, 1200000, timeout
/home/mww/satcomp/benchmarks/smtcomp/cloud/non-incremental/QF_IDL/smt-comp-256.smt2, 1200000, timeout
/home/mww/satcomp/benchmarks/smtcomp/cloud/non-incremental/QF_IDL/smt-comp-257.smt2, 1200000, timeout
/home/mww/satcomp/benchmarks/smtcomp/cloud/non-incremental/QF_IDL/smt-comp-258.smt2, 1200000, timeout
/home/mww/satcomp/benchmarks/smtcomp/cloud/non-incremental/QF_IDL/smt-comp-259.smt2, 1200000, timeout
/home/mww/satcomp/benchmarks/smtcomp/cloud/non-incremental/QF_IDL/smt-comp-260.smt2, 1200000, timeout
/home/mww/satcomp/benchmarks/smtcomp/cloud/non-incremental/QF_IDL/smt-comp-261.smt2, 1200000, timeout
/home/mww/satcomp/benchmarks/smtcomp/cloud/non-incremental/QF_IDL/smt-comp-262.smt2, 1200000, timeout
/home/mww/satcomp/benchmarks/smtcomp/cloud/non-incremental/QF_IDL/smt-comp-263.smt2, 1200000, timeout
/home/mww/satcomp/benchmarks/smtcomp/cloud/non-incremental/QF_IDL/smt-comp-264.smt2, 1200000, timeout
/home/mww/satcomp/benchmarks/smtcomp/cloud/non-incremental/QF_IDL/smt-comp-265.smt2, 1200000, timeout
/home/mww/satcomp/benchmarks/smtcomp/cloud/non-incremental/QF_IDL/smt-comp-266.smt2, 1200000, timeout
/home/mww/satcomp/benchmarks/smtcomp/cloud/non-incremental/QF_IDL/smt-comp-267.smt2, 1200000, timeout
/home/mww/satcomp/benchmarks/smtcomp/cloud/non-incremental/QF_IDL/smt-comp-268.smt2, 1200000, timeout
/home/mww/satcomp/benchmarks/smtcomp/cloud/non-incremental/QF_IDL/smt-comp-269.smt2, 1200000, timeout
/home/mww/satcomp/benchmarks/smtcomp/cloud/non-incremental/QF_IDL/smt-comp-270.smt2, 1200000, timeout
/home/mww/satcomp/benchmarks/smtcomp/cloud/non-incremental/QF_IDL/smt-comp-271.smt2, 1200000, timeout
/home/mww/satcomp/benchmarks/smtcomp/cloud/non-incremental/QF_IDL/smt-comp-272.smt2, 1200000, timeout
/home/mww/satcomp/benchmarks/smtcomp/cloud/non-incremental/QF_IDL/smt-comp-273.smt2, 1200000, timeout
/home/mww/satcomp/benchmarks/smtcomp/cloud/non-incremental/QF_IDL/smt-comp-274.smt2, 1200000, timeout
/home/mww/satcomp/benchmarks/smtcomp/cloud/non-incremental/QF_IDL/smt-comp-275.smt2, 1200000, timeout
/home/mww/satcomp/benchmarks/smtcomp/cloud/non-incremental/QF_IDL/smt-comp-276.smt2, 1200000, timeout
/home/mww/satcomp/benchmarks/smtcomp/cloud/non-incremental/QF_IDL/smt-comp-277.smt2, 1200000, timeout
/home/mww/satcomp/benchmarks/smtcomp/cloud/non-incremental/QF_IDL/smt-comp-278.smt2, 1200000, timeout
/home/mww/satcomp/benchmarks/smtcomp/cloud/non-incremental/QF_IDL/smt-comp-279.smt2, 1200000, timeout
/home/mww/satcomp/benchmarks/smtcomp/cloud/non-incremental/QF_IDL/smt-comp-280.smt2, 1200000, timeout
/home/mww/satcomp/benchmarks/smtcomp/cloud/non-incremental/QF_IDL/smt-comp-281.smt2, 1200000, timeout
/home/mww/satcomp/benchmarks/smtcomp/cloud/non-incremental/QF_IDL/smt-comp-282.smt2, 1200000, timeout
/home/mww/satcomp/benchmarks/smtcomp/cloud/non-incremental/QF_IDL/smt-comp-283.smt2, 1200000, timeout
/home/mww/satcomp/benchmarks/smtcomp/cloud/non-incremental/QF_IDL/smt-comp-284.smt2, 1200000, timeout
/home/mww/satcomp/benchmarks/smtcomp/cloud/non-incremental/QF_LIA/smt-comp-289.smt2, 1200000, timeout
/home/mww/satcomp/benchmarks/smtcomp/cloud/non-incremental/QF_LIA/smt-comp-292.smt2, 1200000, timeout
/home/mww/satcomp/benchmarks/smtcomp/cloud/non-incremental/QF_LIA/smt-comp-293.smt2, 1200000, timeout
/home/mww/satcomp/benchmarks/smtcomp/cloud/non-incremental/QF_LIA/smt-comp-294.smt2, 1200000, timeout
/home/mww/satcomp/benchmarks/smtcomp/cloud/non-incremental/QF_LIA/smt-comp-295.smt2, 1200000, timeout
/home/mww/satcomp/benchmarks/smtcomp/cloud/non-incremental/QF_LRA/smt-comp-300.smt2, 1200000, timeout
/home/mww/satcomp/benchmarks/smtcomp/cloud/non-incremental/QF_LIA/smt-comp-296.smt2, 1200000, timeout
/home/mww/satcomp/benchmarks/smtcomp/cloud/non-incremental/QF_LRA/smt-comp-304.smt2, 1200000, timeout
/home/mww/satcomp/benchmarks/smtcomp/cloud/non-incremental/QF_RDL/smt-comp-307.smt2, 1200000, timeout
/home/mww/satcomp/benchmarks/smtcomp/cloud/non-incremental/QF_RDL/smt-comp-308.smt2, 1200000, timeout
/home/mww/satcomp/benchmarks/smtcomp/cloud/non-incremental/QF_LIA/smt-comp-088.smt2, 78462, error
/home/mww/satcomp/benchmarks/smtcomp/cloud/non-incremental/QF_LIA/smt-comp-089.smt2, 90171, error
/home/mww/satcomp/benchmarks/smtcomp/cloud/non-incremental/QF_UFLRA/smt-comp-105.smt2, 223495, error
